{
    "worldPath": "Assets/world.pnd",
    "editorCameraSettings": {
        "position": {
            "x": -3.761014461517334,
            "y": 15.977649688720703,
            "z": 19.823081970214844
        },
        "rotation": {
            "x": -0.16331300139427185,
            "y": 0.013773422688245773,
            "z": 0.0022802255116403103,
            "w": 0.9864755272865295
        }
    }
}