{
    "worldPath": "Assets/world.pnd",
    "editorCameraSettings": {
        "position": {
            "x": 4.56687593460083,
            "y": 7.790288925170898,
            "z": 16.042652130126953
        },
        "rotation": {
            "x": -0.08193404227495193,
            "y": 0.010437410324811935,
            "z": 0.0008581001311540604,
            "w": 0.9965827465057373
        }
    }
}