{
    "worldPath": "Assets/world.pnd",
    "editorCameraSettings": {
        "position": {
            "x": -3.1652352809906006,
            "y": 8.338434219360352,
            "z": 10.910100936889648
        },
        "rotation": {
            "x": -0.11840029805898666,
            "y": 0.010396884754300117,
            "z": 0.0012397903483361006,
            "w": 0.9929106831550598
        }
    }
}