{
    "worldPath": "Assets/world.pnd",
    "editorCameraSettings": {
        "position": {
            "x": -1.478122591972351,
            "y": 6.471148490905762,
            "z": 14.452847480773926
        },
        "rotation": {
            "x": -0.06787435710430145,
            "y": 0.06438754498958588,
            "z": 0.00438953610137105,
            "w": 0.995604395866394
        }
    }
}