{
    "worldPath": "Assets/world.pnd",
    "editorCameraSettings": {
        "position": {
            "x": -0.5200265049934387,
            "y": 7.543028831481934,
            "z": 20.711421966552734
        },
        "rotation": {
            "x": 5.7827076460625904e-8,
            "y": 0.14780931174755096,
            "z": -1.3347902338978201e-8,
            "w": 0.9890158772468567
        }
    }
}