{
    "worldPath": "Assets/world.pnd",
    "editorCameraSettings": {
        "position": {
            "x": -7.287871360778809,
            "y": 7.02101993560791,
            "z": 11.643221855163574
        },
        "rotation": {
            "x": -0.08193404227495193,
            "y": 0.010437410324811935,
            "z": 0.0008581001311540604,
            "w": 0.9965827465057373
        }
    }
}