{
    "worldPath": "Assets/world.pnd",
    "editorCameraSettings": {
        "position": {
            "x": -5.567476749420166,
            "y": 10.366512298583984,
            "z": 17.348299026489258
        },
        "rotation": {
            "x": -0.09406687319278717,
            "y": 0.029534390196204185,
            "z": 0.0027918173000216484,
            "w": 0.9951238036155701
        }
    }
}