{
    "worldPath": "Assets/world.pnd",
    "editorCameraSettings": {
        "position": {
            "x": -2.5553159713745117,
            "y": 5.264904975891113,
            "z": 16.58164405822754
        },
        "rotation": {
            "x": 0.0034864761400967836,
            "y": -0.04885105416178703,
            "z": 0.00017051877512130886,
            "w": 0.9987999796867371
        }
    }
}